Workbook

Sheet Retail_EMEA
A1: LoanID | B1: Customer | C1: Segment | D1: Region | E1: Product | F1: Rating | G1: Country | H1: Currency | I1: Exposure | J1: Collateral | K1: Maturity | L1: FX_Rate | M1: Exposure_USD | N1: PD | O1: LGD | P1: Expected_Loss
A2: R00001 | B2: Summit Corp | C2: Retail | D2: EMEA | E2: Credit Card | F2: AA | G2: EG | H2: USD | I2: 301411 | J2: 271270 | K2: 48172 | L2: =VLOOKUP(H2,FX!$A$2:$B$8,2,FALSE) -> 1 | M2: =ROUND(I2*L2,2) -> 301411 | N2: =VLOOKUP(F2,Ratings!$A$2:$C$7,2,FALSE) -> 0.001 | O2: =VLOOKUP(E2,Products!$A$2:$C$7,2,FALSE) -> 0.65 | P2: =ROUND(M2*N2*O2,2) -> 195.92
A3: R00002 | B3: Redwood Ltd | C3: Retail | D3: EMEA | E3: Credit Card | F3: BB | G3: UK | H3: GBP | I3: 70657 | J3: 42394 | K3: 48176 | L3: =VLOOKUP(H3,FX!$A$2:$B$8,2,FALSE) -> 1.27 | M3: =ROUND(I3*L3,2) -> 89734.39 | N3: =VLOOKUP(F3,Ratings!$A$2:$C$7,2,FALSE) -> 0.04 | O3: =VLOOKUP(E3,Products!$A$2:$C$7,2,FALSE) -> 0.65 | P3: =ROUND(M3*N3*O3,2) -> 2333.09
A4: R00003 | B4: Borealis Corp | C4: Retail | D4: EMEA | E4: Mortgage | F4: AA | G4: EG | H4: USD | I4: 885479 | J4: 796931 | K4: 46610 | L4: =VLOOKUP(H4,FX!$A$2:$B$8,2,FALSE) -> 1 | M4: =ROUND(I4*L4,2) -> 885479 | N4: =VLOOKUP(F4,Ratings!$A$2:$C$7,2,FALSE) -> 0.001 | O4: =VLOOKUP(E4,Products!$A$2:$C$7,2,FALSE) -> 0.15 | P4: =ROUND(M4*N4*O4,2) -> 132.82
A5: R00004 | B5: Juniper Holdings | C5: Retail | D5: EMEA | E5: Mortgage | F5: AAA | G5: EG | H5: USD | I5: 1008225 | J5: 0 | K5: 48161 | L5: =VLOOKUP(H5,FX!$A$2:$B$8,2,FALSE) -> 1 | M5: =ROUND(I5*L5,2) -> 1008225 | N5: =VLOOKUP(F5,Ratings!$A$2:$C$7,2,FALSE) -> 0.0003 | O5: =VLOOKUP(E5,Products!$A$2:$C$7,2,FALSE) -> 0.15 | P5: =ROUND(M5*N5*O5,2) -> 45.37
A6: R00005 | B6: Harbor Group | C6: Retail | D6: EMEA | E6: Mortgage | F6: AAA | G6: EG | H6: USD | I6: 80025 | J6: 0 | K6: 48988 | L6: =VLOOKUP(H6,FX!$A$2:$B$8,2,FALSE) -> 1 | M6: =ROUND(I6*L6,2) -> 80025 | N6: =VLOOKUP(F6,Ratings!$A$2:$C$7,2,FALSE) -> 0.0003 | O6: =VLOOKUP(E6,Products!$A$2:$C$7,2,FALSE) -> 0.15 | P6: =ROUND(M6*N6*O6,2) -> 3.6
A7: R00006 | B7: Atlas Corp | C7: Retail | D7: EMEA | E7: Credit Card | F7: AA | G7: FR | H7: EUR | I7: 6374 | J7: 0 | K7: 48052 | L7: =VLOOKUP(H7,FX!$A$2:$B$8,2,FALSE) -> 1.08 | M7: =ROUND(I7*L7,2) -> 6883.92 | N7: =VLOOKUP(F7,Ratings!$A$2:$C$7,2,FALSE) -> 0.001 | O7: =VLOOKUP(E7,Products!$A$2:$C$7,2,FALSE) -> 0.65 | P7: =ROUND(M7*N7*O7,2) -> 4.47
A8: R00007 | B8: Indigo Group | C8: Retail | D8: EMEA | E8: Mortgage | F8: AAA | G8: AE | H8: AED | I8: 1293208 | J8: 387962 | K8: 47497 | L8: =VLOOKUP(H8,FX!$A$2:$B$8,2,FALSE) -> 0.2723 | M8: =ROUND(I8*L8,2) -> 352140.54 | N8: =VLOOKUP(F8,Ratings!$A$2:$C$7,2,FALSE) -> 0.0003 | O8: =VLOOKUP(E8,Products!$A$2:$C$7,2,FALSE) -> 0.15 | P8: =ROUND(M8*N8*O8,2) -> 15.85
A9: R00008 | B9: Orion Holdings | C9: Retail | D9: EMEA | E9: Mortgage | F9: AA | G9: DE | H9: EUR | I9: 3533 | J9: 3180 | K9: 46982 | L9: =VLOOKUP(H9,FX!$A$2:$B$8,2,FALSE) -> 1.08 | M9: =ROUND(I9*L9,2) -> 3815.64 | N9: =VLOOKUP(F9,Ratings!$A$2:$C$7,2,FALSE) -> 0.001 | O9: =VLOOKUP(E9,Products!$A$2:$C$7,2,FALSE) -> 0.15 | P9: =ROUND(M9*N9*O9,2) -> 0.57
A10: R00009 | B10: Nimbus Corp | C10: Retail | D10: EMEA | E10: Credit Card | F10: AAA | G10: DE | H10: EUR | I10: 230971 | J10: 69291 | K10: 49065 | L10: =VLOOKUP(H10,FX!$A$2:$B$8,2,FALSE) -> 1.08 | M10: =ROUND(I10*L10,2) -> 249448.68 | N10: =VLOOKUP(F10,Ratings!$A$2:$C$7,2,FALSE) -> 0.0003 | O10: =VLOOKUP(E10,Products!$A$2:$C$7,2,FALSE) -> 0.65 | P10: =ROUND(M10*N10*O10,2) -> 48.64
A11: R00010 | B11: Delta Ltd | C11: Retail | D11: EMEA | E11: Credit Card | F11: AA | G11: DE | H11: EUR | I11: 1302122 | J11: 0 | K11: 47969 | L11: =VLOOKUP(H11,FX!$A$2:$B$8,2,FALSE) -> 1.08 | M11: =ROUND(I11*L11,2) -> 1406291.8 | N11: =VLOOKUP(F11,Ratings!$A$2:$C$7,2,FALSE) -> 0.001 | O11: =VLOOKUP(E11,Products!$A$2:$C$7,2,FALSE) -> 0.65 | P11: =ROUND(M11*N11*O11,2) -> 914.09
A12: R00011 | B12: Granite Corp | C12: Retail | D12: EMEA | E12: Credit Card | F12: AAA | G12: FR | H12: EUR | I12: 3723 | J12: 3351 | K12: 47654 | L12: =VLOOKUP(H12,FX!$A$2:$B$8,2,FALSE) -> 1.08 | M12: =ROUND(I12*L12,2) -> 4020.84 | N12: =VLOOKUP(F12,Ratings!$A$2:$C$7,2,FALSE) -> 0.0003 | O12: =VLOOKUP(E12,Products!$A$2:$C$7,2,FALSE) -> 0.65 | P12: =ROUND(M12*N12*O12,2) -> 0.78
A13: R00012 | B13: Everest Holdings | C13: Retail | D13: EMEA | E13: Personal Loan | F13: AA | G13: DE | H13: EUR | I13: 359825 | J13: 0 | K13: 47600 | L13: =VLOOKUP(H13,FX!$A$2:$B$8,2,FALSE) -> 1.08 | M13: =ROUND(I13*L13,2) -> 388611 | N13: =VLOOKUP(F13,Ratings!$A$2:$C$7,2,FALSE) -> 0.001 | O13: =VLOOKUP(E13,Products!$A$2:$C$7,2,FALSE) -> 0.45 | P13: =ROUND(M13*N13*O13,2) -> 174.87
... A29: R00028 | B29: Indigo Corp | C29: Retail | D29: EMEA | E29: Mortgage | F29: AA | G29: AE | H29: AED | I29: 5808 | J29: 0 | K29: 46603 | L29: =VLOOKUP(H29,FX!$A$2:$B$8,2,FALSE) -> 0.2723 | M29: =ROUND(I29*L29,2) -> 1581.52 | N29: =VLOOKUP(F29,Ratings!$A$2:$C$7,2,FALSE) -> 0.001 | O29: =VLOOKUP(E29,Products!$A$2:$C$7,2,FALSE) -> 0.15 | P29: =ROUND(M29*N29*O29,2) -> 0.24

Sheet Retail_APAC
A1: LoanID | B1: Customer | C1: Segment | D1: Region | E1: Product | F1: Rating | G1: Country | H1: Currency | I1: Exposure | J1: Collateral | K1: Maturity | L1: FX_Rate | M1: Exposure_USD | N1: Country_Risk | O1: Risk_Weight | P1: RWA | Q1: Review_Flag
A2: R01001 | B2: Pinnacle Group | C2: Retail | D2: APAC | E2: Personal Loan | F2: AA | G2: SG | H2: SGD | I2: 16392 | J2: 0 | K2: 48114 | L2: =VLOOKUP(H2,FX!$A$2:$B$8,2,FALSE) -> 0.74 | M2: =ROUND(I2*L2,2) -> 12130.08 | N2: =VLOOKUP(G2,Countries!$A$2:$C$13,3,FALSE) -> Low | O2: =VLOOKUP(F2,Ratings!$A$2:$C$7,3,FALSE) -> 0.2 | P2: =ROUND(M2*O2,2) -> 2426.02 | Q2: =IF(N2="High","Review","OK") -> OK
A3: R01002 | B3: Redwood Corp | C3: Retail | D3: APAC | E3: Mortgage | F3: BBB | G3: IN | H3: INR | I3: 105044 | J3: 0 | K3: 46592 | L3: =VLOOKUP(H3,FX!$A$2:$B$8,2,FALSE) -> 0.012 | M3: =ROUND(I3*L3,2) -> 1260.53 | N3: =VLOOKUP(G3,Countries!$A$2:$C$13,3,FALSE) -> Medium | O3: =VLOOKUP(F3,Ratings!$A$2:$C$7,3,FALSE) -> 1 | P3: =ROUND(M3*O3,2) -> 1260.53 | Q3: =IF(N3="High","Review","OK") -> OK
A4: R01003 | B4: Atlas Holdings | C4: Retail | D4: APAC | E4: Credit Card | F4: BB | G4: IN | H4: INR | I4: 245438 | J4: 220894 | K4: 49110 | L4: =VLOOKUP(H4,FX!$A$2:$B$8,2,FALSE) -> 0.012 | M4: =ROUND(I4*L4,2) -> 2945.26 | N4: =VLOOKUP(G4,Countries!$A$2:$C$13,3,FALSE) -> Medium | O4: =VLOOKUP(F4,Ratings!$A$2:$C$7,3,FALSE) -> 1 | P4: =ROUND(M4*O4,2) -> 2945.26 | Q4: =IF(N4="High","Review","OK") -> OK
A5: R01004 | B5: Meridian Ltd | C5: Retail | D5: APAC | E5: Mortgage | F5: A | G5: IN | H5: INR | I5: 4140 | J5: 3726 | K5: 47626 | L5: =VLOOKUP(H5,FX!$A$2:$B$8,2,FALSE) -> 0.012 | M5: =ROUND(I5*L5,2) -> 49.68 | N5: =VLOOKUP(G5,Countries!$A$2:$C$13,3,FALSE) -> Medium | O5: =VLOOKUP(F5,Ratings!$A$2:$C$7,3,FALSE) -> 0.5 | P5: =ROUND(M5*O5,2) -> 24.84 | Q5: =IF(N5="High","Review","OK") -> OK
A6: R01005 | B6: Keystone Holdings | C6: Retail | D6: APAC | E6: Personal Loan | F6: A | G6: JP | H6: JPY | I6: 3611 | J6: 2167 | K6: 46503 | L6: =VLOOKUP(H6,FX!$A$2:$B$8,2,FALSE) -> 0.0067 | M6: =ROUND(I6*L6,2) -> 24.19 | N6: =VLOOKUP(G6,Countries!$A$2:$C$13,3,FALSE) -> Low | O6: =VLOOKUP(F6,Ratings!$A$2:$C$7,3,FALSE) -> 0.5 | P6: =ROUND(M6*O6,2) -> 12.1 | Q6: =IF(N6="High","Review","OK") -> OK
A7: R01006 | B7: Everest Holdings | C7: Retail | D7: APAC | E7: Mortgage | F7: AA | G7: ID | H7: USD | I7: 20397 | J7: 18357 | K7: 49271 | L7: =VLOOKUP(H7,FX!$A$2:$B$8,2,FALSE) -> 1 | M7: =ROUND(I7*L7,2) -> 20397 | N7: =VLOOKUP(G7,Countries!$A$2:$C$13,3,FALSE) -> High | O7: =VLOOKUP(F7,Ratings!$A$2:$C$7,3,FALSE) -> 0.2 | P7: =ROUND(M7*O7,2) -> 4079.4 | Q7: =IF(N7="High","Review","OK") -> Review
A8: R01007 | B8: Orion Group | C8: Retail | D8: APAC | E8: Personal Loan | F8: B | G8: ID | H8: USD | I8: 5774 | J8: 5197 | K8: 47013 | L8: =VLOOKUP(H8,FX!$A$2:$B$8,2,FALSE) -> 1 | M8: =ROUND(I8*L8,2) -> 5774 | N8: =VLOOKUP(G8,Countries!$A$2:$C$13,3,FALSE) -> High | O8: =VLOOKUP(F8,Ratings!$A$2:$C$7,3,FALSE) -> 1.5 | P8: =ROUND(M8*O8,2) -> 8661 | Q8: =IF(N8="High","Review","OK") -> Review
A9: R01008 | B9: Titan Corp | C9: Retail | D9: APAC | E9: Personal Loan | F9: A | G9: JP | H9: JPY | I9: 381861 | J9: 0 | K9: 49196 | L9: =VLOOKUP(H9,FX!$A$2:$B$8,2,FALSE) -> 0.0067 | M9: =ROUND(I9*L9,2) -> 2558.47 | N9: =VLOOKUP(G9,Countries!$A$2:$C$13,3,FALSE) -> Low | O9: =VLOOKUP(F9,Ratings!$A$2:$C$7,3,FALSE) -> 0.5 | P9: =ROUND(M9*O9,2) -> 1279.24 | Q9: =IF(N9="High","Review","OK") -> OK
A10: R01009 | B10: Atlas Holdings | C10: Retail | D10: APAC | E10: Credit Card | F10: AAA | G10: IN | H10: INR | I10: 922282 | J10: 830054 | K10: 46643 | L10: =VLOOKUP(H10,FX!$A$2:$B$8,2,FALSE) -> 0.012 | M10: =ROUND(I10*L10,2) -> 11067.38 | N10: =VLOOKUP(G10,Countries!$A$2:$C$13,3,FALSE) -> Medium | O10: =VLOOKUP(F10,Ratings!$A$2:$C$7,3,FALSE) -> 0.2 | P10: =ROUND(M10*O10,2) -> 2213.48 | Q10: =IF(N10="High","Review","OK") -> OK
A11: R01010 | B11: Redwood Holdings | C11: Retail | D11: APAC | E11: Mortgage | F11: BBB | G11: ID | H11: USD | I11: 14791 | J11: 8875 | K11: 47589 | L11: =VLOOKUP(H11,FX!$A$2:$B$8,2,FALSE) -> 1 | M11: =ROUND(I11*L11,2) -> 14791 | N11: =VLOOKUP(G11,Countries!$A$2:$C$13,3,FALSE) -> High | O11: =VLOOKUP(F11,Ratings!$A$2:$C$7,3,FALSE) -> 1 | P11: =ROUND(M11*O11,2) -> 14791 | Q11: =IF(N11="High","Review","OK") -> Review
A12: R01011 | B12: Pinnacle Group | C12: Retail | D12: APAC | E12: Credit Card | F12: AAA | G12: IN | H12: INR | I12: 372161 | J12: 0 | K12: 48122 | L12: =VLOOKUP(H12,FX!$A$2:$B$8,2,FALSE) -> 0.012 | M12: =ROUND(I12*L12,2) -> 4465.93 | N12: =VLOOKUP(G12,Countries!$A$2:$C$13,3,FALSE) -> Medium | O12: =VLOOKUP(F12,Ratings!$A$2:$C$7,3,FALSE) -> 0.2 | P12: =ROUND(M12*O12,2) -> 893.19 | Q12: =IF(N12="High","Review","OK") -> OK
A13: R01012 | B13: Everest Corp | C13: Retail | D13: APAC | E13: Personal Loan | F13: AAA | G13: IN | H13: INR | I13: 3607 | J13: 1082 | K13: 47829 | L13: =VLOOKUP(H13,FX!$A$2:$B$8,2,FALSE) -> 0.012 | M13: =ROUND(I13*L13,2) -> 43.28 | N13: =VLOOKUP(G13,Countries!$A$2:$C$13,3,FALSE) -> Medium | O13: =VLOOKUP(F13,Ratings!$A$2:$C$7,3,FALSE) -> 0.2 | P13: =ROUND(M13*O13,2) -> 8.66 | Q13: =IF(N13="High","Review","OK") -> OK
... A25: R01024 | B25: Meridian Corp | C25: Retail | D25: APAC | E25: Credit Card | F25: BB | G25: IN | H25: INR | I25: 81242 | J25: 0 | K25: 48107 | L25: =VLOOKUP(H25,FX!$A$2:$B$8,2,FALSE) -> 0.012 | M25: =ROUND(I25*L25,2) -> 974.9 | N25: =VLOOKUP(G25,Countries!$A$2:$C$13,3,FALSE) -> Medium | O25: =VLOOKUP(F25,Ratings!$A$2:$C$7,3,FALSE) -> 1 | P25: =ROUND(M25*O25,2) -> 974.9 | Q25: =IF(N25="High","Review","OK") -> OK

Sheet Corporate_Global
A1: LoanID | B1: Customer | C1: Segment | D1: Region | E1: Product | F1: Rating | G1: Country | H1: Currency | I1: Exposure | J1: Collateral | K1: Maturity | L1: FX_Rate | M1: Exposure_USD | N1: Haircut | O1: Net_Exposure | P1: Risk_Weight | Q1: RWA | R1: Years_To_Maturity | S1: Tenor_Bucket
A2: C02001 | B2: Summit Ltd | C2: Corporate | D2: AMER | E2: Trade Finance | F2: AAA | G2: US | H2: USD | I2: 967513 | J2: 870762 | K2: 46729 | L2: =VLOOKUP(H2,FX!$A$2:$B$8,2,FALSE) -> 1 | M2: =ROUND(I2*L2,2) -> 967513 | N2: =VLOOKUP(E2,Products!$A$2:$C$7,3,FALSE) -> 0.2 | O2: =MAX(0,M2-J2*L2*(1-N2)) -> 270903.4 | P2: =VLOOKUP(F2,Ratings!$A$2:$C$7,3,FALSE) -> 0.2 | Q2: =ROUND(O2*P2,2) -> 54180.68 | R2: =YEAR(K2)-2026 -> 1 | S2: =IF(R2>=5,"Long",IF(R2>=2,"Medium","Short")) -> Short
A3: C02002 | B3: Meridian Ltd | C3: Corporate | D3: APAC | E3: Revolver | F3: AAA | G3: ID | H3: USD | I3: 967235 | J3: 290170 | K3: 47614 | L3: =VLOOKUP(H3,FX!$A$2:$B$8,2,FALSE) -> 1 | M3: =ROUND(I3*L3,2) -> 967235 | N3: =VLOOKUP(E3,Products!$A$2:$C$7,3,FALSE) -> 0.15 | O3: =MAX(0,M3-J3*L3*(1-N3)) -> 720590.5 | P3: =VLOOKUP(F3,Ratings!$A$2:$C$7,3,FALSE) -> 0.2 | Q3: =ROUND(O3*P3,2) -> 144118.1 | R3: =YEAR(K3)-2026 -> 4 | S3: =IF(R3>=5,"Long",IF(R3>=2,"Medium","Short")) -> Medium
A4: C02003 | B4: Summit Ltd | C4: Corporate | D4: AMER | E4: Trade Finance | F4: B | G4: CA | H4: USD | I4: 20605635 | J4: 12363381 | K4: 46650 | L4: =VLOOKUP(H4,FX!$A$2:$B$8,2,FALSE) -> 1 | M4: =ROUND(I4*L4,2) -> 20605635 | N4: =VLOOKUP(E4,Products!$A$2:$C$7,3,FALSE) -> 0.2 | O4: =MAX(0,M4-J4*L4*(1-N4)) -> 10714930 | P4: =VLOOKUP(F4,Ratings!$A$2:$C$7,3,FALSE) -> 1.5 | Q4: =ROUND(O4*P4,2) -> 16072395 | R4: =YEAR(K4)-2026 -> 1 | S4: =IF(R4>=5,"Long",IF(R4>=2,"Medium","Short")) -> Short
A5: C02004 | B5: Falcon Holdings | C5: Corporate | D5: AMER | E5: Revolver | F5: BB | G5: US | H5: USD | I5: 2271805 | J5: 2044624 | K5: 48958 | L5: =VLOOKUP(H5,FX!$A$2:$B$8,2,FALSE) -> 1 | M5: =ROUND(I5*L5,2) -> 2271805 | N5: =VLOOKUP(E5,Products!$A$2:$C$7,3,FALSE) -> 0.15 | O5: =MAX(0,M5-J5*L5*(1-N5)) -> 533874.6 | P5: =VLOOKUP(F5,Ratings!$A$2:$C$7,3,FALSE) -> 1 | Q5: =ROUND(O5*P5,2) -> 533874.6 | R5: =YEAR(K5)-2026 -> 8 | S5: =IF(R5>=5,"Long",IF(R5>=2,"Medium","Short")) -> Long
A6: C02005 | B6: Lumen Group | C6: Corporate | D6: APAC | E6: Revolver | F6: BBB | G6: ID | H6: USD | I6: 16173984 | J6: 4852195 | K6: 49086 | L6: =VLOOKUP(H6,FX!$A$2:$B$8,2,FALSE) -> 1 | M6: =ROUND(I6*L6,2) -> 16173984 | N6: =VLOOKUP(E6,Products!$A$2:$C$7,3,FALSE) -> 0.15 | O6: =MAX(0,M6-J6*L6*(1-N6)) -> 12049618 | P6: =VLOOKUP(F6,Ratings!$A$2:$C$7,3,FALSE) -> 1 | Q6: =ROUND(O6*P6,2) -> 12049618 | R6: =YEAR(K6)-2026 -> 8 | S6: =IF(R6>=5,"Long",IF(R6>=2,"Medium","Short")) -> Long
A7: C02006 | B7: Harbor Ltd | C7: Corporate | D7: AMER | E7: Revolver | F7: B | G7: CA | H7: USD | I7: 488968 | J7: 0 | K7: 48165 | L7: =VLOOKUP(H7,FX!$A$2:$B$8,2,FALSE) -> 1 | M7: =ROUND(I7*L7,2) -> 488968 | N7: =VLOOKUP(E7,Products!$A$2:$C$7,3,FALSE) -> 0.15 | O7: =MAX(0,M7-J7*L7*(1-N7)) -> 488968 | P7: =VLOOKUP(F7,Ratings!$A$2:$C$7,3,FALSE) -> 1.5 | Q7: =ROUND(O7*P7,2) -> 733452 | R7: =YEAR(K7)-2026 -> 5 | S7: =IF(R7>=5,"Long",IF(R7>=2,"Medium","Short")) -> Long
A8: C02007 | B8: Keystone Ltd | C8: Corporate | D8: EMEA | E8: Trade Finance | F8: AA | G8: FR | H8: EUR | I8: 9601899 | J8: 5761139 | K8: 47993 | L8: =VLOOKUP(H8,FX!$A$2:$B$8,2,FALSE) -> 1.08 | M8: =ROUND(I8*L8,2) -> 10370051 | N8: =VLOOKUP(E8,Products!$A$2:$C$7,3,FALSE) -> 0.2 | O8: =MAX(0,M8-J8*L8*(1-N8)) -> 5392426.8 | P8: =VLOOKUP(F8,Ratings!$A$2:$C$7,3,FALSE) -> 0.2 | Q8: =ROUND(O8*P8,2) -> 1078485.4 | R8: =YEAR(K8)-2026 -> 5 | S8: =IF(R8>=5,"Long",IF(R8>=2,"Medium","Short")) -> Long
A9: C02008 | B9: Orion Corp | C9: Corporate | D9: EMEA | E9: Trade Finance | F9: AA | G9: UK | H9: GBP | I9: 1079853 | J9: 971868 | K9: 46407 | L9: =VLOOKUP(H9,FX!$A$2:$B$8,2,FALSE) -> 1.27 | M9: =ROUND(I9*L9,2) -> 1371413.3 | N9: =VLOOKUP(E9,Products!$A$2:$C$7,3,FALSE) -> 0.2 | O9: =MAX(0,M9-J9*L9*(1-N9)) -> 383995.42 | P9: =VLOOKUP(F9,Ratings!$A$2:$C$7,3,FALSE) -> 0.2 | Q9: =ROUND(O9*P9,2) -> 76799.08 | R9: =YEAR(K9)-2026 -> 1 | S9: =IF(R9>=5,"Long",IF(R9>=2,"Medium","Short")) -> Short
A10: C02009 | B10: Lumen Corp | C10: Corporate | D10: APAC | E10: Term Loan | F10: AAA | G10: ID | H10: USD | I10: 3222258 | J10: 966677 | K10: 47929 | L10: =VLOOKUP(H10,FX!$A$2:$B$8,2,FALSE) -> 1 | M10: =ROUND(I10*L10,2) -> 3222258 | N10: =VLOOKUP(E10,Products!$A$2:$C$7,3,FALSE) -> 0.1 | O10: =MAX(0,M10-J10*L10*(1-N10)) -> 2352248.7 | P10: =VLOOKUP(F10,Ratings!$A$2:$C$7,3,FALSE) -> 0.2 | Q10: =ROUND(O10*P10,2) -> 470449.74 | R10: =YEAR(K10)-2026 -> 5 | S10: =IF(R10>=5,"Long",IF(R10>=2,"Medium","Short")) -> Long
A11: C02010 | B11: Nimbus Group | C11: Corporate | D11: APAC | E11: Trade Finance | F11: B | G11: ID | H11: USD | I11: 7781722 | J11: 7003550 | K11: 46897 | L11: =VLOOKUP(H11,FX!$A$2:$B$8,2,FALSE) -> 1 | M11: =ROUND(I11*L11,2) -> 7781722 | N11: =VLOOKUP(E11,Products!$A$2:$C$7,3,FALSE) -> 0.2 | O11: =MAX(0,M11-J11*L11*(1-N11)) -> 2178882 | P11: =VLOOKUP(F11,Ratings!$A$2:$C$7,3,FALSE) -> 1.5 | Q11: =ROUND(O11*P11,2) -> 3268323 | R11: =YEAR(K11)-2026 -> 2 | S11: =IF(R11>=5,"Long",IF(R11>=2,"Medium","Short")) -> Medium
A12: C02011 | B12: Juniper Group | C12: Corporate | D12: EMEA | E12: Revolver | F12: A | G12: DE | H12: EUR | I12: 801887 | J12: 240566 | K12: 49272 | L12: =VLOOKUP(H12,FX!$A$2:$B$8,2,FALSE) -> 1.08 | M12: =ROUND(I12*L12,2) -> 866037.96 | N12: =VLOOKUP(E12,Products!$A$2:$C$7,3,FALSE) -> 0.15 | O12: =MAX(0,M12-J12*L12*(1-N12)) -> 645198.37 | P12: =VLOOKUP(F12,Ratings!$A$2:$C$7,3,FALSE) -> 0.5 | Q12: =ROUND(O12*P12,2) -> 322599.19 | R12: =YEAR(K12)-2026 -> 8 | S12: =IF(R12>=5,"Long",IF(R12>=2,"Medium","Short")) -> Long
A13: C02012 | B13: Harbor Corp | C13: Corporate | D13: AMER | E13: Trade Finance | F13: AA | G13: CA | H13: USD | I13: 2766201 | J13: 2489581 | K13: 47059 | L13: =VLOOKUP(H13,FX!$A$2:$B$8,2,FALSE) -> 1 | M13: =ROUND(I13*L13,2) -> 2766201 | N13: =VLOOKUP(E13,Products!$A$2:$C$7,3,FALSE) -> 0.2 | O13: =MAX(0,M13-J13*L13*(1-N13)) -> 774536.2 | P13: =VLOOKUP(F13,Ratings!$A$2:$C$7,3,FALSE) -> 0.2 | Q13: =ROUND(O13*P13,2) -> 154907.24 | R13: =YEAR(K13)-2026 -> 2 | S13: =IF(R13>=5,"Long",IF(R13>=2,"Medium","Short")) -> Medium
... A27: C02026 | B27: Atlas Ltd | C27: Corporate | D27: EMEA | E27: Trade Finance | F27: BBB | G27: AE | H27: AED | I27: 815268 | J27: 489161 | K27: 46867 | L27: =VLOOKUP(H27,FX!$A$2:$B$8,2,FALSE) -> 0.2723 | M27: =ROUND(I27*L27,2) -> 221997.48 | N27: =VLOOKUP(E27,Products!$A$2:$C$7,3,FALSE) -> 0.2 | O27: =MAX(0,M27-J27*L27*(1-N27)) -> 115438.65 | P27: =VLOOKUP(F27,Ratings!$A$2:$C$7,3,FALSE) -> 1 | Q27: =ROUND(O27*P27,2) -> 115438.65 | R27: =YEAR(K27)-2026 -> 2 | S27: =IF(R27>=5,"Long",IF(R27>=2,"Medium","Short")) -> Medium

Sheet SME_Global
A1: LoanID | B1: Customer | C1: Segment | D1: Region | E1: Product | F1: Rating | G1: Country | H1: Currency | I1: Exposure | J1: Collateral | K1: Maturity | L1: FX_Rate | M1: Exposure_USD | N1: Risk_Weight | O1: SME_Factor | P1: RWA | Q1: Capital_Required | R1: Label
A2: S03001 | B2: Meridian Holdings | C2: SME | D2: EMEA | E2: Personal Loan | F2: BB | G2: AE | H2: AED | I2: 17851 | J2: 5355 | K2: 47499 | L2: =VLOOKUP(H2,FX!$A$2:$B$8,2,FALSE) -> 0.2723 | M2: =ROUND(I2*L2,2) -> 4860.83 | N2: =VLOOKUP(F2,Ratings!$A$2:$C$7,3,FALSE) -> 1 | O2: =IF(M2<=1000000,0.7619,1) -> 0.7619 | P2: =ROUND(M2*N2*O2,2) -> 3703.47 | Q2: =ROUND(P2*0.08,2) -> 296.28 | R2: =B2&"-"&G2 -> Meridian Holdings-AE
A3: S03002 | B3: Falcon Ltd | C3: SME | D3: APAC | E3: Revolver | F3: BBB | G3: SG | H3: SGD | I3: 23311 | J3: 0 | K3: 49182 | L3: =VLOOKUP(H3,FX!$A$2:$B$8,2,FALSE) -> 0.74 | M3: =ROUND(I3*L3,2) -> 17250.14 | N3: =VLOOKUP(F3,Ratings!$A$2:$C$7,3,FALSE) -> 1 | O3: =IF(M3<=1000000,0.7619,1) -> 0.7619 | P3: =ROUND(M3*N3*O3,2) -> 13142.88 | Q3: =ROUND(P3*0.08,2) -> 1051.43 | R3: =B3&"-"&G3 -> Falcon Ltd-SG
A4: S03003 | B4: Granite Corp | C4: SME | D4: EMEA | E4: Term Loan | F4: BB | G4: FR | H4: EUR | I4: 16214 | J4: 9728 | K4: 49195 | L4: =VLOOKUP(H4,FX!$A$2:$B$8,2,FALSE) -> 1.08 | M4: =ROUND(I4*L4,2) -> 17511.12 | N4: =VLOOKUP(F4,Ratings!$A$2:$C$7,3,FALSE) -> 1 | O4: =IF(M4<=1000000,0.7619,1) -> 0.7619 | P4: =ROUND(M4*N4*O4,2) -> 13341.72 | Q4: =ROUND(P4*0.08,2) -> 1067.34 | R4: =B4&"-"&G4 -> Granite Corp-FR
A5: S03004 | B5: Juniper Holdings | C5: SME | D5: APAC | E5: Revolver | F5: A | G5: IN | H5: INR | I5: 241052 | J5: 144631 | K5: 48021 | L5: =VLOOKUP(H5,FX!$A$2:$B$8,2,FALSE) -> 0.012 | M5: =ROUND(I5*L5,2) -> 2892.62 | N5: =VLOOKUP(F5,Ratings!$A$2:$C$7,3,FALSE) -> 0.5 | O5: =IF(M5<=1000000,0.7619,1) -> 0.7619 | P5: =ROUND(M5*N5*O5,2) -> 1101.94 | Q5: =ROUND(P5*0.08,2) -> 88.16 | R5: =B5&"-"&G5 -> Juniper Holdings-IN
A6: S03005 | B6: Granite Corp | C6: SME | D6: AMER | E6: Revolver | F6: BBB | G6: US | H6: USD | I6: 18793 | J6: 16914 | K6: 49090 | L6: =VLOOKUP(H6,FX!$A$2:$B$8,2,FALSE) -> 1 | M6: =ROUND(I6*L6,2) -> 18793 | N6: =VLOOKUP(F6,Ratings!$A$2:$C$7,3,FALSE) -> 1 | O6: =IF(M6<=1000000,0.7619,1) -> 0.7619 | P6: =ROUND(M6*N6*O6,2) -> 14318.39 | Q6: =ROUND(P6*0.08,2) -> 1145.47 | R6: =B6&"-"&G6 -> Granite Corp-US
A7: S03006 | B7: Orion Corp | C7: SME | D7: EMEA | E7: Term Loan | F7: B | G7: DE | H7: EUR | I7: 372941 | J7: 223765 | K7: 49017 | L7: =VLOOKUP(H7,FX!$A$2:$B$8,2,FALSE) -> 1.08 | M7: =ROUND(I7*L7,2) -> 402776.28 | N7: =VLOOKUP(F7,Ratings!$A$2:$C$7,3,FALSE) -> 1.5 | O7: =IF(M7<=1000000,0.7619,1) -> 0.7619 | P7: =ROUND(M7*N7*O7,2) -> 460312.87 | Q7: =ROUND(P7*0.08,2) -> 36825.03 | R7: =B7&"-"&G7 -> Orion Corp-DE
A8: S03007 | B8: Quartz Corp | C8: SME | D8: EMEA | E8: Term Loan | F8: B | G8: FR | H8: EUR | I8: 112038 | J8: 100834 | K8: 47744 | L8: =VLOOKUP(H8,FX!$A$2:$B$8,2,FALSE) -> 1.08 | M8: =ROUND(I8*L8,2) -> 121001.04 | N8: =VLOOKUP(F8,Ratings!$A$2:$C$7,3,FALSE) -> 1.5 | O8: =IF(M8<=1000000,0.7619,1) -> 0.7619 | P8: =ROUND(M8*N8*O8,2) -> 138286.04 | Q8: =ROUND(P8*0.08,2) -> 11062.88 | R8: =B8&"-"&G8 -> Quartz Corp-FR
A9: S03008 | B9: Everest Corp | C9: SME | D9: EMEA | E9: Personal Loan | F9: AAA | G9: DE | H9: EUR | I9: 14016 | J9: 4205 | K9: 47779 | L9: =VLOOKUP(H9,FX!$A$2:$B$8,2,FALSE) -> 1.08 | M9: =ROUND(I9*L9,2) -> 15137.28 | N9: =VLOOKUP(F9,Ratings!$A$2:$C$7,3,FALSE) -> 0.2 | O9: =IF(M9<=1000000,0.7619,1) -> 0.7619 | P9: =ROUND(M9*N9*O9,2) -> 2306.62 | Q9: =ROUND(P9*0.08,2) -> 184.53 | R9: =B9&"-"&G9 -> Everest Corp-DE
A10: S03009 | B10: Summit Group | C10: SME | D10: AMER | E10: Revolver | F10: AAA | G10: US | H10: USD | I10: 224915 | J10: 0 | K10: 47960 | L10: =VLOOKUP(H10,FX!$A$2:$B$8,2,FALSE) -> 1 | M10: =ROUND(I10*L10,2) -> 224915 | N10: =VLOOKUP(F10,Ratings!$A$2:$C$7,3,FALSE) -> 0.2 | O10: =IF(M10<=1000000,0.7619,1) -> 0.7619 | P10: =ROUND(M10*N10*O10,2) -> 34272.55 | Q10: =ROUND(P10*0.08,2) -> 2741.8 | R10: =B10&"-"&G10 -> Summit Group-US
A11: S03010 | B11: Quartz Holdings | C11: SME | D11: EMEA | E11: Term Loan | F11: AA | G11: AE | H11: AED | I11: 5130 | J11: 1539 | K11: 47616 | L11: =VLOOKUP(H11,FX!$A$2:$B$8,2,FALSE) -> 0.2723 | M11: =ROUND(I11*L11,2) -> 1396.9 | N11: =VLOOKUP(F11,Ratings!$A$2:$C$7,3,FALSE) -> 0.2 | O11: =IF(M11<=1000000,0.7619,1) -> 0.7619 | P11: =ROUND(M11*N11*O11,2) -> 212.86 | Q11: =ROUND(P11*0.08,2) -> 17.03 | R11: =B11&"-"&G11 -> Quartz Holdings-AE
A12: S03011 | B12: Cedar Group | C12: SME | D12: EMEA | E12: Revolver | F12: AAA | G12: EG | H12: USD | I12: 330086 | J12: 0 | K12: 46704 | L12: =VLOOKUP(H12,FX!$A$2:$B$8,2,FALSE) -> 1 | M12: =ROUND(I12*L12,2) -> 330086 | N12: =VLOOKUP(F12,Ratings!$A$2:$C$7,3,FALSE) -> 0.2 | O12: =IF(M12<=1000000,0.7619,1) -> 0.7619 | P12: =ROUND(M12*N12*O12,2) -> 50298.5 | Q12: =ROUND(P12*0.08,2) -> 4023.88 | R12: =B12&"-"&G12 -> Cedar Group-EG
A13: S03012 | B13: Atlas Holdings | C13: SME | D13: AMER | E13: Personal Loan | F13: B | G13: BR | H13: USD | I13: 5462 | J13: 3277 | K13: 46892 | L13: =VLOOKUP(H13,FX!$A$2:$B$8,2,FALSE) -> 1 | M13: =ROUND(I13*L13,2) -> 5462 | N13: =VLOOKUP(F13,Ratings!$A$2:$C$7,3,FALSE) -> 1.5 | O13: =IF(M13<=1000000,0.7619,1) -> 0.7619 | P13: =ROUND(M13*N13*O13,2) -> 6242.25 | Q13: =ROUND(P13*0.08,2) -> 499.38 | R13: =B13&"-"&G13 -> Atlas Holdings-BR
... A23: S03022 | B23: Keystone Ltd | C23: SME | D23: EMEA | E23: Personal Loan | F23: A | G23: AE | H23: AED | I23: 335478 | J23: 100643 | K23: 47894 | L23: =VLOOKUP(H23,FX!$A$2:$B$8,2,FALSE) -> 0.2723 | M23: =ROUND(I23*L23,2) -> 91350.66 | N23: =VLOOKUP(F23,Ratings!$A$2:$C$7,3,FALSE) -> 0.5 | O23: =IF(M23<=1000000,0.7619,1) -> 0.7619 | P23: =ROUND(M23*N23*O23,2) -> 34800.03 | Q23: =ROUND(P23*0.08,2) -> 2784 | R23: =B23&"-"&G23 -> Keystone Ltd-AE

Sheet Ratings
A1: Rating | B1: PD | C1: RiskWeight
A2: AAA | B2: 0.0003 | C2: 0.2
A3: AA | B3: 0.001 | C3: 0.2
A4: A | B4: 0.003 | C4: 0.5
A5: BBB | B5: 0.01 | C5: 1
A6: BB | B6: 0.04 | C6: 1
A7: B | B7: 0.1 | C7: 1.5

Sheet Products
A1: Product | B1: LGD | C1: CollateralHaircut
A2: Mortgage | B2: 0.15 | C2: 0.3
A3: Credit Card | B3: 0.65 | C3: 0
A4: Personal Loan | B4: 0.45 | C4: 0.05
A5: Term Loan | B5: 0.35 | C5: 0.1
A6: Revolver | B6: 0.4 | C6: 0.15
A7: Trade Finance | B7: 0.3 | C7: 0.2

Sheet Countries
A1: Country | B1: Region | C1: CountryRisk
A2: UK | B2: EMEA | C2: Low
A3: DE | B3: EMEA | C3: Low
A4: FR | B4: EMEA | C4: Low
A5: AE | B5: EMEA | C5: Medium
A6: EG | B6: EMEA | C6: High
A7: SG | B7: APAC | C7: Low
A8: IN | B8: APAC | C8: Medium
A9: JP | B9: APAC | C9: Low
A10: ID | B10: APAC | C10: High
A11: US | B11: AMER | C11: Low
A12: BR | B12: AMER | C12: High
A13: CA | B13: AMER | C13: Low

Sheet FX
A1: Currency | B1: RateToUSD
A2: USD | B2: 1
A3: EUR | B3: 1.08
A4: GBP | B4: 1.27
A5: AED | B5: 0.2723
A6: SGD | B6: 0.74
A7: JPY | B7: 0.0067
A8: INR | B8: 0.012
